PassengerId,Survived,Pclass,Sex,Age,SibSp,Parch,Fare,Embarked_Q,Embarked_S,Cluster,PCA1,PCA2
1,0,3,0,22.0,1,0,7.25,False,True,0,-0.9705051372191217,-0.8354405514426091
2,1,1,1,38.0,1,0,71.2833,False,False,1,1.561131851501708,1.2771161774537914
3,1,3,1,26.0,0,0,7.925,False,True,2,-0.4748181336009646,-0.46903542342548643
4,1,1,1,35.0,1,0,53.1,False,True,1,1.3533777350002223,1.0508505517077853
5,0,3,0,35.0,0,0,8.05,False,True,0,-1.3041281686986053,0.1171420544330277
6,0,3,0,28.0,0,0,8.4583,True,False,0,-1.296295256462423,-0.1801216256216824
7,0,1,0,54.0,0,0,51.8625,False,True,4,0.16692171736336864,2.4496235951723198
8,0,3,0,2.0,3,1,21.075,False,True,3,0.4452070726154651,-2.8568889331652887
9,1,3,1,27.0,0,2,11.1333,False,True,2,0.7091790922563859,-1.3210476628392949
10,1,2,1,14.0,1,0,30.0708,False,False,2,0.6100941687834939,-0.6134119435394823
11,1,3,1,4.0,1,1,16.7,False,True,2,0.5467225507223922,-2.211111300723819
12,1,1,1,58.0,0,0,26.55,False,True,4,0.7007610383313774,2.283945811929651
13,0,3,0,20.0,0,0,8.05,False,True,0,-1.2974045965517411,-0.5245633952507551
14,0,3,0,39.0,1,5,31.275,False,True,3,2.1670293230906665,-2.2589664250178285
15,0,3,1,14.0,0,0,7.8542,False,True,2,-0.47025344037671185,-0.9827810702400579
16,1,2,1,55.0,0,0,16.0,False,True,4,0.09291372712065393,1.456935471745157
17,0,3,0,2.0,4,1,29.125,True,False,3,0.874773569889154,-3.205665932538495
18,1,2,0,28.0,0,0,13.0,False,True,0,-0.756195667612232,0.48619046236712943
19,0,3,1,31.0,1,0,18.0,False,True,2,-0.02420634259645518,-0.5930051498563721
20,1,3,1,28.0,0,0,7.225,False,False,2,-0.4837642588316622,-0.38724448419196567
21,0,2,0,35.0,0,0,26.0,False,True,0,-0.6098398542171902,0.8556633428140215
22,1,2,0,34.0,0,0,13.0,False,True,0,-0.7588850964709777,0.7428726422406425
23,1,3,1,15.0,0,0,8.0292,True,False,2,-0.46868926628372387,-0.9390582600800599
24,1,1,0,28.0,0,0,35.5,False,True,4,-0.009584634991897541,1.2492153687895171
25,0,3,1,8.0,3,1,21.075,False,True,3,1.2692309728777504,-2.8006877850202017
26,1,3,1,38.0,1,5,31.3875,False,True,3,2.9954845839351796,-2.50162196137067
27,0,3,0,28.0,0,0,7.225,False,False,0,-1.3104775879526933,-0.18676345246353995
28,0,1,0,19.0,3,2,263.0,False,True,1,4.769123641468115,0.0009137225193537687
29,1,3,1,28.0,0,0,7.8792,True,False,2,-0.47624128691814993,-0.3837213486045634
30,0,3,0,28.0,0,0,7.8958,False,True,0,-1.3027637243642125,-0.18315091906086575
31,0,1,0,40.0,0,0,27.7208,False,False,4,-0.1044203913789008,1.7206855427194854
32,1,1,1,28.0,1,0,146.5208,False,False,1,2.430807750730077,1.2544973712300398
33,1,3,1,28.0,0,0,7.75,True,False,2,-0.4777270221233254,-0.3844171436487279
34,0,2,0,66.0,0,0,10.5,False,True,4,-0.80197746328113,2.0983807418363423
35,0,1,0,28.0,1,0,82.1708,False,False,4,0.8641016936443332,1.108427233515889
36,0,1,0,42.0,1,0,52.0,False,True,4,0.5108772905360439,1.5448701750075735
37,1,3,0,28.0,0,0,7.2292,False,False,0,-1.3104292900590266,-0.186740833739194
38,0,3,0,21.0,0,0,8.05,False,True,0,-1.2978528346948655,-0.481783031938503
39,0,3,1,18.0,2,0,18.0,False,True,2,0.31861628767668476,-1.5412794272851706
40,1,3,1,14.0,1,0,11.2417,False,False,2,-0.09430335482229996,-1.3566675463424958
41,0,3,1,40.0,1,0,9.475,False,True,2,-0.1262737105294715,-0.25389250505772565
42,0,2,1,27.0,1,0,21.0,False,True,2,0.49995742200100873,-0.1061172025746828
43,0,3,0,28.0,0,0,7.8958,False,False,0,-1.3027637243642125,-0.18315091906086575
44,1,2,1,3.0,1,2,41.5792,False,False,2,1.8949172397923673,-1.9340890965233113
45,1,3,1,19.0,0,0,7.8792,True,False,2,-0.47220714363003147,-0.7687446184148331
46,0,3,0,28.0,0,0,8.05,False,True,0,-1.3009905016967354,-0.18232048875273763
47,0,3,0,28.0,1,0,15.5,True,False,0,-0.8783237035182888,-0.5343287344610733
48,1,3,1,28.0,0,0,7.75,True,False,2,-0.4777270221233254,-0.3844171436487279
49,0,3,0,28.0,2,0,21.6792,False,False,0,-0.47027046802356465,-0.8931807599072119
50,0,3,1,18.0,1,0,17.8,False,True,2,-0.020679146434253583,-1.1502269550273605
51,0,3,0,7.0,4,1,39.6875,False,True,3,0.9939958319960234,-2.934880716952569
52,0,3,0,21.0,0,0,7.8,False,True,0,-1.3007277093178828,-0.48312938457814003
53,1,1,1,49.0,1,0,76.7292,False,False,1,1.6188263507653058,1.7770285812493631
54,1,2,1,29.0,1,0,26.0,False,True,2,0.5565584381751107,0.006370576842562599
55,0,1,0,65.0,0,1,61.9792,False,False,4,0.8521038856779105,2.518654866894233
56,1,1,0,28.0,0,0,35.5,False,True,4,-0.009584634991897541,1.2492153687895171
57,1,2,1,21.0,0,0,10.5,False,True,2,0.04490658228049372,-0.027216638943432396
58,0,3,0,28.5,0,0,7.2292,False,False,0,-1.3106534091305886,-0.16535065208306796
59,1,2,1,5.0,1,2,27.75,False,True,2,1.7349918989595825,-1.9230042895950816
60,0,3,0,11.0,5,2,46.9,False,True,3,1.9859143582042897,-3.573081852130077
61,0,3,0,22.0,0,0,7.2292,False,False,0,-1.3077398612002809,-0.4434230136127072
62,1,1,1,38.0,0,0,80.0,False,True,1,1.3243739955950116,1.7161887400390081
63,0,1,0,45.0,1,0,83.475,False,True,4,0.8714792911445782,1.8427170622746347
64,0,3,0,4.0,3,2,27.9,False,True,3,1.0965704850317783,-3.1906080871892186
65,0,1,0,28.0,0,0,27.7208,False,False,4,-0.09904153366140944,1.207321182972459
66,1,3,0,28.0,1,1,15.2458,False,False,0,-0.30747106454079,-0.9917330135355816
67,1,2,1,29.0,0,0,10.5,False,True,2,0.04132067713549948,0.3150262675545852
68,0,3,0,19.0,0,0,8.1583,False,True,0,-1.2957109627219257,-0.5667605185995166
69,1,3,1,17.0,4,2,7.925,False,True,3,2.0247497703256174,-3.3346475261348854
70,0,3,0,26.0,2,0,8.6625,False,True,0,-0.6190595137590453,-1.0488417601491709
71,0,2,0,32.0,0,0,10.5,False,True,0,-0.7867373664149044,0.6438483892197676
72,0,3,1,16.0,5,2,46.9,False,True,3,2.810386496609699,-3.5596610672972417
73,0,2,0,21.0,0,0,73.5,False,True,0,-0.057338341840119204,0.5125452579735301
74,0,3,0,26.0,1,0,14.4542,False,False,0,-0.8894534027550473,-0.6255215234477074
75,1,3,0,32.0,0,0,56.4958,False,True,0,-0.7456810502221015,0.2497014873335855
76,0,3,0,25.0,0,0,7.65,False,True,0,-1.3042455866641907,-0.31281574291291353
77,0,3,0,28.0,0,0,7.8958,False,True,0,-1.3027637243642125,-0.18315091906086575
78,0,3,0,28.0,0,0,8.05,False,True,0,-1.3009905016967354,-0.18232048875273763
79,1,2,0,0.83,0,2,29.0,False,True,0,0.5875265615979429,-1.5020560553110422
80,1,3,1,30.0,0,0,12.475,False,True,2,-0.4242883680345427,-0.2734103521350833
81,0,3,0,22.0,0,0,9.0,False,True,0,-1.2873765492705231,-0.43388652859563004
82,1,3,0,29.0,0,0,9.5,False,True,0,-1.2847644670263578,-0.13173128013059052
83,1,3,1,28.0,0,0,7.7875,True,False,2,-0.4772957909298728,-0.3842151907527823
84,0,1,0,28.0,0,0,47.1,False,True,4,0.123809547516116,1.3116861312686763
85,1,2,1,17.0,0,0,10.5,False,True,2,0.04669953485299084,-0.1983380921924411
86,1,3,1,33.0,3,0,15.85,False,True,2,0.624164328184394,-1.3032821646717858
87,0,3,0,16.0,1,3,34.375,False,True,3,1.0654356227195756,-2.314149393047078
88,0,3,0,28.0,0,0,8.05,False,True,0,-1.3009905016967354,-0.18232048875273763
89,1,1,1,23.0,3,2,263.0,False,True,1,5.594044018016649,-0.0284458559600634
90,0,3,0,24.0,0,0,8.05,False,True,0,-1.2991975491242382,-0.3534419420017464
91,0,3,0,29.0,0,0,8.05,False,True,0,-1.3014387398398597,-0.1395401254404854
92,0,3,0,20.0,0,0,7.8542,False,True,0,-1.2996561983564885,-0.5256178586381188
93,0,1,0,46.0,1,0,61.175,False,True,4,0.6145922366282902,1.765402770131262
94,0,3,0,26.0,1,2,20.575,False,True,0,0.32848435060358183,-1.5046291179219964
95,0,3,0,59.0,0,0,7.25,False,True,0,-1.3240854829272442,1.1395624454802415
96,0,3,0,28.0,0,0,8.05,False,True,0,-1.3009905016967354,-0.18232048875273763
97,0,1,0,71.0,0,0,34.6542,False,False,4,-0.03858515097083436,3.084216010965942
98,1,1,0,23.0,0,1,63.3583,False,False,4,0.8867888460595442,0.7293066274809344
99,1,2,1,34.0,0,1,23.0,False,True,2,0.7565990290649378,0.14021040838717327
100,0,2,0,34.0,1,0,26.0,False,True,0,-0.27239608166154167,0.4207534251322495
101,0,3,1,28.0,0,0,7.8958,False,True,2,-0.4760503952431816,-0.3836319507892916
102,0,3,0,28.0,0,0,7.8958,False,True,0,-1.3027637243642125,-0.18315091906086575
103,0,1,0,21.0,0,1,77.2875,False,True,4,1.047864136741536,0.7187603616085595
104,0,3,0,33.0,0,0,8.6542,False,True,0,-1.296283695423448,0.03483519286799814
105,0,3,0,37.0,2,0,7.925,False,True,0,-0.6324710134713141,-0.5822295040013258
106,0,3,0,28.0,0,0,7.8958,False,True,0,-1.3027637243642125,-0.18315091906086575
107,1,3,1,21.0,0,0,7.65,False,True,2,-0.4757393049706625,-0.684418227890348
108,1,3,0,28.0,0,0,7.775,False,True,0,-1.3041528637820547,-0.18380147665633847
109,0,3,0,38.0,0,0,7.8958,False,True,0,-1.3072461057954552,0.24465271406165615
110,1,3,1,28.0,1,0,24.15,True,False,2,0.04786028755914896,-0.6882259648580572
111,0,1,0,47.0,0,0,52.0,False,True,4,0.17164056540789824,2.1509015459383543
112,0,3,1,14.5,1,0,14.4542,False,False,2,-0.057585334988086816,-1.3179767332670336
113,0,3,0,22.0,0,0,8.05,False,True,0,-1.2983010728379898,-0.4390026686262508
114,0,3,1,20.0,1,0,9.825,False,True,2,-0.11328412319476137,-1.1076148776072778
115,0,3,1,17.0,0,0,14.4583,False,False,2,-0.39565431681460433,-0.8188741904335931
116,0,3,0,21.0,0,0,7.925,False,True,0,-1.2992902720063741,-0.4824562082583216
117,0,3,0,70.5,0,0,7.75,True,False,4,-1.3234904723271381,1.634229328850416
118,0,2,0,29.0,1,0,21.0,False,True,0,-0.3276523834062709,0.1799245557782475
119,0,1,0,24.0,0,1,247.5208,False,False,1,3.004116998962285,1.7638776627818198
120,0,3,1,2.0,4,2,31.275,False,True,3,2.299986632262319,-3.850603639276568
121,0,2,0,21.0,2,0,73.5,False,True,0,0.6166527269849293,-0.27171385076550925
122,0,3,0,28.0,0,0,8.05,False,True,0,-1.3009905016967354,-0.18232048875273763
123,0,2,0,32.5,1,0,30.0708,False,False,0,-0.22491156598533615,0.3785058094656092
124,1,2,1,32.5,0,0,13.0,False,True,2,0.06850058986473989,0.4782210655438384
125,0,1,0,54.0,0,1,77.2875,False,True,4,1.0330722780184347,2.1305123509128823
126,1,3,0,12.0,1,0,11.2417,False,False,0,-0.9201202076570826,-1.2417472412385744
127,0,3,0,28.0,0,0,7.75,True,False,0,-1.3044403512443563,-0.1839361119203021
128,1,3,0,24.0,0,0,7.1417,False,True,0,-1.3096425436045855,-0.35833351041207573
129,1,3,1,28.0,1,1,22.3583,False,False,2,0.60103244760509,-1.1539103126663335
130,0,3,0,45.0,0,0,6.975,False,True,0,-1.3209725110088235,0.5391563712051104
131,0,3,0,33.0,0,0,7.8958,False,False,0,-1.305004915079834,0.030750897500395176
132,0,3,0,20.0,0,0,7.05,False,True,0,-1.3089040950438113,-0.5299488058093034
133,0,3,1,47.0,1,0,14.5,False,True,2,-0.07162639760868908,0.07263172618474427
134,1,2,1,29.0,1,0,26.0,False,True,2,0.5565584381751107,0.006370576842562599
135,0,2,0,25.0,0,0,13.0,False,True,0,-0.7548509531828591,0.35784937243037285
136,0,2,0,23.0,0,0,15.0458,False,False,0,-0.7304288028815336,0.2833061187265463
137,1,1,1,19.0,0,2,26.2833,False,True,2,1.8627270326537553,-0.2979952616652002
138,0,1,0,37.0,1,0,53.1,False,True,4,0.5257679295929425,1.3368923100607155
139,0,3,0,16.0,0,0,9.2167,False,True,0,-1.2821951790885457,-0.6894016900011056
140,0,1,0,24.0,0,0,79.2,False,False,4,0.49473640168406424,1.3134363569490648
141,0,3,1,28.0,0,2,15.2458,False,False,2,0.7560225416619,-1.2561197986050132
142,1,3,1,22.0,0,0,7.75,False,True,2,-0.4750375932645797,-0.641099323522241
143,1,3,1,24.0,1,0,15.85,False,True,2,-0.045792597352535956,-0.904046325743016
144,0,3,0,19.0,0,0,6.75,True,False,0,-1.311905706448308,-0.57434479228912
145,0,2,0,18.0,0,0,11.5,False,True,0,-0.7689625339190944,0.05030871340678516
146,0,2,0,19.0,1,1,36.75,False,True,0,0.43172291076925945,-0.6190941687576655
147,1,3,0,27.0,0,0,7.7958,False,True,0,-1.3034654360702953,-0.2264698234289728
148,0,3,1,9.0,2,2,34.375,False,True,3,1.658506341760818,-2.750187214620264
149,0,2,0,36.5,0,2,26.0,False,True,4,0.5370394115564895,0.007763272361348919
150,0,2,0,42.0,0,0,13.0,False,True,4,-0.7624710016159719,1.08511554873866
151,0,2,0,51.0,0,0,12.525,False,True,4,-0.7719674066878237,1.4675807485336192
152,1,1,1,22.0,1,0,66.6,False,True,1,1.5144480605037844,0.5674088711889076
153,0,3,0,55.5,0,0,8.05,False,True,0,-1.313317050632653,0.9941395023341977
154,0,3,0,40.5,0,2,14.5,False,True,0,-0.08487009022357049,-0.5249006646680001
155,0,3,0,28.0,0,0,7.3125,False,True,0,-1.309471381834637,-0.186292229039667
156,0,1,0,51.0,0,1,61.3792,False,False,4,0.8514795205864083,1.9164985341875729
157,1,3,1,16.0,0,0,7.7333,True,False,2,-0.47254020603065167,-0.897871439752082
158,0,3,0,30.0,0,0,8.05,False,True,0,-1.301886977982984,-0.09675976212823331
159,0,3,0,28.0,0,0,8.6625,False,True,0,-1.2939470588703423,-0.17902192478562692
160,0,3,0,28.0,8,2,69.55,False,True,3,3.249744553854138,-3.9002247897792315
161,0,3,0,44.0,0,1,16.1,False,True,0,-0.6418155376313762,0.08948257152908509
162,1,2,1,40.0,0,0,15.75,False,True,2,0.09676242464450069,0.8138836694217374
163,0,3,0,26.0,0,0,7.775,False,True,0,-1.303256387495806,-0.26936220328084276
164,0,3,0,17.0,0,0,8.6625,False,True,0,-1.2890164392959753,-0.649605921220401
165,0,3,0,1.0,4,1,39.6875,False,True,3,0.996685260854769,-3.191562896826082
166,1,3,0,9.0,0,2,20.525,False,True,0,-0.0014661103004330754,-1.8400350103886915
167,1,1,1,28.0,0,1,55.0,False,True,1,1.6151447262186842,0.6977145352422561
168,0,3,1,45.0,1,4,27.9,False,True,3,2.3784666044480316,-1.7649057297973156
169,0,1,0,28.0,0,0,25.925,False,True,4,-0.11969233305346899,1.1976500626914182
170,0,3,0,28.0,0,0,56.4958,False,True,0,-0.7438880976496045,0.0785800340845768
171,0,1,0,61.0,0,0,33.5,False,True,4,-0.04737549069913893,2.6501965369767437
172,0,3,0,4.0,4,1,29.125,True,False,3,0.8738770936029054,-3.120105205913991
173,1,3,1,1.0,1,1,11.1333,False,True,2,0.48405300689595826,-2.3694313556168463
174,0,3,0,21.0,0,0,7.925,False,True,0,-1.2992902720063741,-0.4824562082583216
175,0,1,0,56.0,0,0,30.6958,False,False,4,-0.07738119365498064,2.421192952127202
176,0,3,0,18.0,1,1,7.8542,False,True,0,-0.38798837616353277,-1.4593434473426685
177,0,3,0,28.0,3,1,25.4667,False,True,3,0.4840552284218582,-1.7209483794967557
178,0,1,1,50.0,0,0,28.7125,False,False,4,0.7292146089654732,1.9533488557644936
179,0,2,0,30.0,0,0,13.0,False,True,0,-0.7570921438984806,0.5717511889916338
180,0,3,0,36.0,0,0,0.0,False,True,0,-1.397147369702894,0.1165698627489669
181,0,3,1,28.0,8,2,69.55,False,True,3,4.076457882975169,-4.100705821507657
182,0,2,0,28.0,0,0,15.05,False,False,0,-0.7326216957034882,0.4972305540121532
183,0,3,0,9.0,4,2,31.3875,False,True,3,1.4714293297197758,-3.35005420567454
184,1,2,0,1.0,2,1,39.0,False,True,3,0.8026606033651785,-1.7691530889909914
185,1,3,1,4.0,0,2,22.025,False,True,2,0.8447376572743245,-2.246339742840556
186,0,1,0,28.0,0,0,50.0,False,True,4,0.1571580931431194,1.327303821888466
187,1,3,1,28.0,1,0,15.5,True,False,2,-0.05161037439725762,-0.7348097661894991
188,1,1,0,45.0,0,0,26.55,False,True,4,-0.12012519492903795,1.928282120598798
189,0,3,0,40.0,1,1,15.5,True,False,0,-0.30992674974159695,-0.47699968242457225
190,0,3,0,36.0,0,0,7.8958,False,True,0,-1.3063496295092067,0.15909198743715178
191,1,2,1,32.0,0,0,13.0,False,True,2,0.06872470893630206,0.4568308838877123
192,0,2,0,19.0,0,0,13.0,False,True,0,-0.7521615243241134,0.10116719255685967
193,1,3,1,19.0,1,0,7.8542,False,True,2,-0.13549909667980894,-1.1610088080483167
194,1,2,0,3.0,1,1,26.0,False,True,0,0.315275112269494,-1.361473145258094
195,1,1,1,44.0,0,0,27.7208,False,False,4,0.720499985169633,1.6913259642400682
196,1,1,1,58.0,0,0,146.5208,False,False,1,2.0803650720238243,2.9300378249671257
197,0,3,0,28.0,0,0,7.75,True,False,0,-1.3044403512443563,-0.1839361119203021
198,0,3,0,42.0,0,1,8.4042,False,True,0,-0.729416901840401,-0.03752319767189456
199,1,3,1,28.0,0,0,7.75,True,False,2,-0.4777270221233254,-0.3844171436487279
200,0,2,1,24.0,0,0,13.0,False,True,2,0.07231061408129619,0.11458797738969471
201,0,3,0,28.0,0,0,9.5,False,True,0,-1.2843162288832337,-0.17451164344284273
202,0,3,0,28.0,8,2,69.55,False,True,3,3.249744553854138,-3.9002247897792315
203,0,3,0,34.0,0,0,6.4958,False,True,0,-1.3215524511118564,0.06599168603067988
204,0,3,0,45.5,0,0,7.225,False,False,0,-1.318321755457368,0.5618929055008736
205,1,3,0,18.0,0,0,8.05,False,True,0,-1.2965081202654927,-0.6101241218752596
206,0,3,1,2.0,0,1,10.4625,False,True,2,0.13889537075182906,-1.9381339713377488
207,0,3,0,32.0,1,0,15.85,False,True,0,-0.8760918316185613,-0.36132238751657264
208,1,3,0,26.0,0,0,18.7875,False,False,0,-1.176618160351884,-0.2100553695048307
209,1,3,1,16.0,0,0,7.75,True,False,2,-0.4723481644058341,-0.8977815033957541
210,1,1,0,40.0,0,0,31.0,False,False,4,-0.06671123592370448,1.7383453810230767
211,0,3,0,24.0,0,0,7.05,False,True,0,-1.3106970476163085,-0.35882735256029463
212,1,2,1,35.0,0,0,21.0,False,True,2,0.15937598244349022,0.6282552582928544
213,0,3,0,22.0,0,0,7.25,False,True,0,-1.3075006716316457,-0.4433109970730894
214,0,2,0,30.0,0,0,13.0,False,True,0,-0.7570921438984806,0.5717511889916338
215,0,3,0,28.0,1,0,7.75,True,False,0,-0.9674448168318323,-0.5760656662898218
216,1,1,1,31.0,1,0,113.275,False,False,1,2.047153009333039,1.2037961788194145
217,1,3,1,27.0,0,0,7.925,False,True,2,-0.47526637174408887,-0.4262550601132342
218,0,2,0,42.0,1,0,27.0,False,True,4,-0.2644824883144658,0.768381742188815
219,1,1,1,32.0,0,0,76.2917,False,False,1,1.2844198341956137,1.4395358421912305
220,0,2,0,30.0,0,0,10.5,False,True,0,-0.7858408901286559,0.5582876625952632
221,1,3,0,16.0,0,0,8.05,False,True,0,-1.295611643979244,-0.6956848484997639
222,0,2,0,27.0,0,0,13.0,False,True,0,-0.7557474294691077,0.4434100990548772
223,0,3,0,51.0,0,0,8.05,False,True,0,-1.3112999789885937,0.8016278674290628
224,0,3,0,28.0,0,0,7.8958,False,True,0,-1.3027637243642125,-0.18315091906086575
225,1,1,0,38.0,1,0,90.0,False,True,4,0.9496511858072058,1.5783943229833965
226,0,3,0,22.0,0,0,9.35,False,True,0,-1.2833517247982986,-0.4320016349001381
227,1,2,0,19.0,0,0,10.5,False,True,0,-0.7809102705542889,0.08770366616048918
228,0,3,0,20.5,0,0,7.25,False,True,0,-1.3068283144169592,-0.5074815420414677
229,0,2,0,18.0,0,0,13.0,False,True,0,-0.7517132861809892,0.05838682924460747
230,0,3,1,28.0,3,1,25.4667,False,True,3,1.3107685575428893,-1.9214294112251815
231,1,1,1,35.0,1,0,83.475,False,True,1,1.7026750016968524,1.2144323974236868
232,0,3,0,29.0,0,0,7.775,False,True,0,-1.3046011019251789,-0.14102111334408626
233,0,2,0,59.0,0,0,13.5,False,True,4,-0.7643413008030495,1.8150744303262212
234,1,3,1,5.0,4,2,31.3875,False,True,3,2.299935611413304,-3.7216566906519746
235,0,2,0,24.0,0,0,10.5,False,True,0,-0.7831514612699102,0.3016054827217501
236,0,3,1,28.0,0,0,7.55,False,True,2,-0.48002692182173945,-0.38549422576043757
237,0,2,0,44.0,1,0,26.0,False,True,4,-0.27687846309278447,0.8485570582547715
238,1,2,1,8.0,0,2,26.25,False,True,2,1.3794024023795801,-1.4106117611266276
239,0,2,0,19.0,0,0,10.5,False,True,0,-0.7809102705542889,0.08770366616048918
240,0,2,0,33.0,0,0,12.275,False,True,0,-0.7667739947346043,0.6961878562734429
241,0,3,1,28.0,1,0,14.4542,False,False,2,-0.06363654992026457,-0.7404418285516289
242,1,3,1,28.0,1,0,15.5,True,False,2,-0.05161037439725762,-0.7348097661894991
243,0,2,0,29.0,0,0,10.5,False,True,0,-0.7853926519855315,0.5155072992830111
244,0,3,0,22.0,0,0,7.125,False,True,0,-1.3089381089431547,-0.44398417339290785
245,0,3,0,30.0,0,0,7.225,False,False,0,-1.3113740642389418,-0.10120272583903553
246,0,1,0,44.0,2,0,90.0,True,False,4,1.2839572913609847,1.4429469484873898
247,0,3,1,25.0,0,0,7.775,False,True,2,-0.47609482023165084,-0.5126235983215208
248,1,2,1,24.0,0,2,14.5,False,True,2,1.2371114848077676,-0.7894045221935337
249,1,1,0,37.0,1,1,52.5542,False,True,4,1.0932673148101537,0.8779176452673348
250,0,2,0,54.0,1,0,26.0,False,True,4,-0.28136084452402726,1.2763606913772931
251,0,3,0,28.0,0,0,7.25,False,True,0,-1.3101901004903915,-0.18662881719957622
252,0,3,1,29.0,1,1,10.4625,False,True,2,0.46378847529999784,-1.175193716276459
253,0,1,0,62.0,0,0,26.55,False,True,4,-0.12774524336215065,2.655548296907086
254,0,3,0,30.0,1,0,16.1,False,True,0,-0.8723204807092952,-0.44553676150143995
255,0,3,1,41.0,0,2,20.2125,False,True,2,0.807310004961849,-0.6732273569245933
256,1,3,1,29.0,0,2,15.2458,False,False,2,0.7555743035187756,-1.213339435292761
257,1,1,1,28.0,0,0,79.2,False,False,1,1.3196567782325983,1.2840767784696476
258,1,1,1,30.0,0,0,86.5,False,True,1,1.4027066409384616,1.408951002171554
259,1,1,1,35.0,0,0,512.3292,False,False,1,6.29728769350227,3.916117888550949
260,1,2,1,50.0,0,1,26.0,False,True,2,0.7839257142511598,0.8408524530588529
261,0,3,0,28.0,0,0,7.75,True,False,0,-1.3044403512443563,-0.1839361119203021
262,1,3,0,3.0,4,2,31.3875,False,True,3,1.4741187585785216,-3.606736385548053
263,0,1,0,52.0,1,1,79.65,False,True,4,1.3981318539047234,1.665545102363428
264,0,1,0,40.0,0,0,0.0,False,True,4,-0.4231956891778784,1.5713976537080825
265,0,3,1,28.0,0,0,7.75,True,False,2,-0.4777270221233254,-0.3844171436487279
266,0,2,0,36.0,0,0,10.5,False,True,0,-0.7885303189874016,0.8149698424687765
267,0,3,0,16.0,4,1,39.6875,False,True,3,0.9899616887079048,-2.549857447142299
268,1,3,0,25.0,1,0,7.775,False,True,0,-0.9658126149401577,-0.7042721209626147
269,1,1,1,58.0,0,1,153.4625,False,True,1,2.7339669522004106,2.511386421730874
270,1,1,1,35.0,0,0,135.6333,False,True,1,1.9654737594832694,1.887455811329131
271,0,1,0,28.0,0,0,31.0,False,True,4,-0.061332378206213116,1.2249810212760504
272,1,3,0,25.0,0,0,0.0,False,True,0,-1.392216750128527,-0.35401413368580714
273,1,2,1,41.0,0,1,19.5,False,True,2,0.7132131173408224,0.42082401461802
274,0,1,0,37.0,0,1,29.7,False,False,4,0.49345994196016024,1.146967949649682
275,1,3,1,28.0,0,0,7.75,True,False,2,-0.4777270221233254,-0.3844171436487279
276,1,1,1,63.0,1,0,77.9583,False,True,4,1.6266850503581691,2.382572875738406
277,0,3,1,45.0,0,0,7.75,False,True,2,-0.48534707055643816,0.3428490326595594
278,0,2,0,28.0,0,0,0.0,False,True,0,-0.9056891480091437,0.41618012510600283
279,0,3,0,7.0,4,1,29.125,True,False,3,0.8725323791735327,-2.9917641159772344
280,1,3,1,35.0,1,1,20.25,False,True,2,0.5736503879323885,-0.8658018305611552
281,0,3,0,65.0,0,0,7.75,True,False,4,-1.3210251625399547,1.3989373306330288
282,0,3,0,28.0,0,0,7.8542,False,True,0,-1.3032421035014827,-0.18337495214010144
283,0,3,0,16.0,0,0,9.5,False,True,0,-1.2789373711657424,-0.6878760031898689
284,1,3,0,19.0,0,0,8.05,False,True,0,-1.2969563584086168,-0.5673437585630073
285,0,1,0,28.0,0,0,26.0,False,True,4,-0.11882987066656375,1.1980539684833094
286,0,3,0,33.0,0,0,8.6625,False,False,0,-1.2961882495859638,0.03487989177563406
287,1,3,0,30.0,0,0,9.5,False,True,0,-1.2852127051694822,-0.08895091681833842
288,0,3,0,22.0,0,0,7.8958,False,True,0,-1.300074295505467,-0.43983309893437894
289,1,2,0,42.0,0,0,13.0,False,True,4,-0.7624710016159719,1.08511554873866
290,1,3,1,22.0,0,0,7.75,True,False,2,-0.4750375932645797,-0.641099323522241
291,1,1,1,26.0,0,0,78.85,False,True,1,1.3165284300466222,1.1966311581496514
292,1,1,1,19.0,1,0,91.0792,False,False,1,1.7972912984202405,0.5708983233969642
293,0,2,0,36.0,0,0,12.875,False,False,0,-0.7612190100687349,0.8277601925453285
294,0,3,1,24.0,0,0,8.85,False,True,2,-0.46328462120955116,-0.5496146452833336
295,0,3,0,24.0,0,0,7.8958,False,True,0,-1.3009707717917154,-0.3542723723098745
296,0,1,0,28.0,0,0,27.7208,False,False,4,-0.09904153366140944,1.207321182972459
297,0,3,0,23.5,0,0,7.2292,False,False,0,-1.3084122184149674,-0.3792524686443288
298,0,1,1,2.0,1,2,151.55,False,True,1,3.647846843255994,-0.7427783835285173
299,1,1,0,28.0,0,0,30.5,False,True,4,-0.06708212745224817,1.2222883159967761
300,1,1,1,50.0,0,1,247.5208,False,False,1,3.819176136362085,2.6756860771719513
301,1,3,1,28.0,0,0,7.75,True,False,2,-0.4777270221233254,-0.3844171436487279
302,1,3,0,28.0,2,0,23.25,True,False,0,-0.452207055792221,-0.8847213570018444
303,0,3,0,19.0,0,0,0.0,False,True,0,-1.3895273212697814,-0.6106963135593203
304,1,2,1,28.0,0,0,12.35,True,False,2,0.06304298748895348,0.28220891377564716
305,0,3,0,28.0,0,0,8.05,False,True,0,-1.3009905016967354,-0.18232048875273763
306,1,1,0,0.92,1,2,151.55,False,True,1,2.821617611329537,-0.5885001441773235
307,1,1,1,28.0,0,0,110.8833,False,False,1,1.683998838806404,1.4547043568192979
308,1,1,1,17.0,1,0,108.9,False,False,1,2.0031180374339725,0.5813099212542356
309,0,2,0,30.0,1,0,24.0,False,False,0,-0.2936021260731848,0.23886115076614423
310,1,1,1,30.0,0,0,56.9292,False,False,1,1.0626572709291542,1.2497001036268367
311,1,1,1,24.0,0,0,83.1583,False,False,1,1.3669681956862565,1.1342723958345402
312,1,1,1,18.0,2,2,262.375,False,False,1,5.252102487762201,0.14641600024910253
313,0,2,1,26.0,1,1,26.0,False,True,2,1.1316789640986666,-0.5780058208047193
314,0,3,0,28.0,0,0,7.8958,False,True,0,-1.3027637243642125,-0.18315091906086575
315,0,2,0,43.0,1,1,26.25,False,True,4,0.3002204611675404,0.3510877398716309
316,1,3,1,26.0,0,0,7.8542,False,True,2,-0.4756322980942032,-0.4694167104930316
317,1,2,1,24.0,1,0,26.0,False,True,2,0.5587996288907321,-0.20753123971869838
318,0,2,0,54.0,0,0,14.0,False,True,4,-0.7563503608413931,1.6038653190442342
319,1,1,1,31.0,0,2,164.8667,False,True,1,3.4509877742622153,0.9616976036813347
320,1,1,1,40.0,1,1,134.5,False,False,1,2.8609715330332923,1.2470894800243446
321,0,3,0,22.0,0,0,7.25,False,True,0,-1.3075006716316457,-0.4433109970730894
322,0,3,0,27.0,0,0,7.8958,False,True,0,-1.3023154862210882,-0.22593128237311796
323,1,2,1,30.0,0,0,12.35,True,False,2,0.06214651120270493,0.3677696404001516
324,1,2,1,22.0,1,1,29.0,False,True,2,1.1679704121473742,-0.7329710423780835
325,0,3,0,28.0,8,2,69.55,False,True,3,3.249744553854138,-3.9002247897792315
326,1,1,1,36.0,0,0,135.6333,False,False,1,1.965025521340145,1.9302361746413834
327,0,3,0,61.0,0,0,6.2375,False,True,4,-1.3366252014367137,1.2196704439142159
328,1,2,1,36.0,0,0,13.0,False,True,2,0.06693175636380494,0.627952337136721
329,1,3,1,31.0,1,1,20.525,False,True,2,0.5786057025902049,-1.0354422959065632
330,1,1,1,16.0,0,1,57.9792,False,False,1,1.6547828898437509,0.2003943906312565
331,1,3,1,28.0,2,0,23.25,True,False,2,0.3745062733288101,-1.0852023887302704
332,0,1,0,45.5,0,0,28.5,False,True,4,-0.09792529194106331,1.960173852844093
333,0,1,0,38.0,0,1,153.4625,False,True,1,1.9162183859418656,1.8562601872142561
334,0,3,0,16.0,2,0,18.0,False,True,0,-0.5072005651580977,-1.426359122181249
335,1,1,1,28.0,1,0,133.65,False,True,1,2.282800005538341,1.1851828290130775
336,0,3,0,28.0,0,0,7.8958,False,True,0,-1.3027637243642125,-0.18315091906086575
337,0,1,0,29.0,1,0,66.6,False,True,4,0.6845970643808833,1.0673524461030988
338,1,1,1,41.0,0,0,134.5,False,False,1,1.9497519489834607,2.1380347054166418
339,1,3,0,45.0,0,0,8.05,False,True,0,-1.3086105501298482,0.5449456875555496
340,0,1,0,45.0,0,0,35.5,False,True,4,-0.0172046834250103,1.9764815450978046
341,1,2,0,2.0,1,1,26.0,False,True,0,0.3157233504126183,-1.4042535085703463
342,1,1,1,24.0,3,2,263.0,False,True,1,5.5935957798735245,0.0143345073521887
343,0,2,0,28.0,0,0,13.0,False,True,0,-0.756195667612232,0.48619046236712943
344,0,2,0,25.0,0,0,13.0,False,True,0,-0.7548509531828591,0.35784937243037285
345,0,2,0,36.0,0,0,13.0,False,True,0,-0.7597815727572262,0.828433368865147
346,1,2,1,24.0,0,0,13.0,False,True,2,0.07231061408129619,0.11458797738969471
347,1,2,1,40.0,0,0,13.0,False,True,2,0.06513880379130782,0.7990737903857298
348,1,3,1,28.0,1,0,16.1,False,True,2,-0.04471067530201552,-0.7315785198543702
349,1,3,0,3.0,1,1,15.9,False,True,0,-0.2887421390491707,-2.057718960754484
350,0,3,0,42.0,0,0,8.6625,False,True,0,-1.3002223928740821,0.4199031615859038
351,0,3,0,23.0,0,0,9.225,False,True,0,-1.2852374002529314,-0.38989444790770444
352,0,1,0,28.0,0,0,35.0,False,True,4,-0.015334384237932593,1.246522663510243
353,0,3,0,15.0,1,1,7.2292,False,False,0,-0.3938308482917037,-1.5910504188785175
354,0,3,0,25.0,1,0,17.8,False,True,0,-0.8505301425571546,-0.650283380113169
355,0,3,0,28.0,0,0,7.225,False,False,0,-1.3104775879526933,-0.18676345246353995
356,0,3,0,28.0,0,0,9.5,False,True,0,-1.2843162288832337,-0.17451164344284273
357,1,1,1,22.0,0,1,55.0,False,True,1,1.6178341550774298,0.44103235536874297
358,0,2,1,38.0,0,0,13.0,False,True,2,0.06603528007755638,0.7135130637612255
359,1,3,1,28.0,0,0,7.8792,True,False,2,-0.47624128691814993,-0.3837213486045634
360,1,3,1,28.0,0,0,7.8792,True,False,2,-0.47624128691814993,-0.3837213486045634
361,0,3,0,40.0,1,4,27.9,False,True,3,1.553994466042622,-1.7783265146301508
362,0,2,0,29.0,1,0,27.7208,False,False,0,-0.250366553940766,0.21611882306013824
363,0,3,1,45.0,0,1,14.4542,False,False,2,0.16552367872828144,-0.07708140558434715
364,0,3,0,35.0,0,0,7.05,False,True,0,-1.3156276671906755,0.11175664387447946
365,0,3,0,28.0,1,0,15.5,True,False,0,-0.8783237035182888,-0.5343287344610733
366,0,3,0,30.0,0,0,7.25,False,True,0,-1.31108657677664,-0.10106809057507185
367,1,1,1,60.0,1,0,75.25,False,False,4,1.5968856730214684,2.2396464783859336
368,1,3,1,28.0,0,0,7.2292,False,False,2,-0.48371596093799557,-0.38722186546761983
369,1,3,1,28.0,0,0,7.75,True,False,2,-0.4777270221233254,-0.3844171436487279
370,1,1,1,24.0,0,0,69.3,False,False,1,1.207604695733601,1.0596397606910117
371,1,1,0,25.0,1,0,55.4417,False,False,4,0.5580751629293144,0.8361389662186417
372,0,3,0,18.0,1,0,6.4958,False,True,0,-0.9773851064093438,-1.010623681334875
373,0,3,0,19.0,0,0,8.05,False,True,0,-1.2969563584086168,-0.5673437585630073
374,0,1,0,22.0,0,0,135.6333,False,False,1,1.144587526222854,1.5317921199982785
375,0,3,1,3.0,3,1,21.075,False,True,3,1.271472163593372,-3.0145896015814624
376,1,1,1,28.0,1,0,82.1708,False,False,1,1.6908150227653644,0.9079462017874631
377,1,3,1,22.0,0,0,7.25,False,True,2,-0.48078734251061483,-0.6437920288015152
378,0,1,0,27.0,0,2,211.5,False,False,1,3.1623269607439357,1.2421966483606977
379,0,3,0,20.0,0,0,4.0125,False,False,0,-1.3438338217134744,-0.5463069903808935
380,0,3,0,19.0,0,0,7.775,False,True,0,-1.3001187204939362,-0.5688247464666081
381,1,1,1,42.0,0,0,227.525,False,False,1,3.0190445580651595,2.6817928859378406
382,1,3,1,1.0,0,2,15.7417,False,False,2,0.773827572828473,-2.4085189829398383
383,0,3,0,32.0,0,0,7.925,False,True,0,-1.3042208915807412,-0.011872211823547411
384,1,1,1,35.0,1,0,52.0,False,True,1,1.3407282866589452,1.0449266000933823
385,0,3,0,28.0,0,0,7.8958,False,True,0,-1.3027637243642125,-0.18315091906086575
386,0,2,0,18.0,0,0,73.5,False,True,0,-0.05599362741074642,0.3842041680367736
387,0,3,0,1.0,5,2,46.9,False,True,3,1.9903967396355324,-4.000885485252598
388,1,2,1,36.0,0,0,13.0,False,True,2,0.06693175636380494,0.627952337136721
389,0,3,0,28.0,0,0,7.7292,True,False,0,-1.3046795408129914,-0.18404812845992
390,1,2,1,17.0,0,0,12.0,False,False,2,0.06394878259109604,-0.19025997635461886
391,1,1,0,36.0,1,2,120.0,False,True,1,2.4430842398439245,0.7423252976942876
392,1,3,0,21.0,0,0,7.7958,False,True,0,-1.3007760072115495,-0.483152003302486
393,0,3,0,28.0,2,0,7.925,False,True,0,-0.6284368701831956,-0.9672527738115955
394,1,1,1,23.0,1,0,113.275,False,False,1,2.0507389144780332,0.8615532723213971
395,1,3,1,24.0,0,2,16.7,False,True,2,0.7745380649415654,-1.419409787819781
396,0,3,0,22.0,0,0,7.7958,False,True,0,-1.3012242453546738,-0.44037163999023377
397,0,3,1,31.0,0,0,7.8542,False,True,2,-0.4778734888098246,-0.2555148939317707
398,0,2,0,46.0,0,0,26.0,False,True,4,-0.6147704737915574,1.3262473392487952
399,0,2,0,23.0,0,0,10.5,False,True,0,-0.7827032231267859,0.25882511940949793
400,1,2,1,28.0,0,0,12.65,False,True,2,0.06649283703657449,0.28382453694321164
401,1,3,0,39.0,0,0,7.925,False,True,0,-1.307358558582611,0.28759033136221795
402,0,3,0,26.0,0,0,8.05,False,True,0,-1.300094025410487,-0.267881215377242
403,0,3,1,21.0,1,0,9.825,False,True,2,-0.11373236133788565,-1.0648345142950257
404,0,3,0,28.0,1,0,15.85,False,True,0,-0.8742988790460643,-0.5324438407655814
405,0,3,1,20.0,0,0,8.6625,False,True,2,-0.4636478246043172,-0.7217458630120702
406,0,2,0,34.0,1,0,21.0,False,True,0,-0.3298935741218923,0.39382637233950846
407,0,3,0,51.0,0,0,7.75,False,True,0,-1.3147498285362147,0.8000122442614983
408,1,2,0,3.0,1,1,18.75,False,True,0,0.23190374820198564,-1.4005173718075685
409,0,3,0,21.0,0,0,7.775,False,True,0,-1.3010151967801846,-0.48326401984210376
410,0,3,1,28.0,3,1,25.4667,False,True,3,1.3107685575428893,-1.9214294112251815
411,0,3,0,28.0,0,0,7.8958,False,True,0,-1.3027637243642125,-0.18315091906086575
412,0,3,0,28.0,0,0,6.8583,True,False,0,-1.3146944540497354,-0.1887382825153596
413,1,1,1,33.0,1,0,90.0,True,False,1,1.7786057056438584,1.1640114746937096
414,0,2,0,28.0,0,0,0.0,False,True,0,-0.9056891480091437,0.41618012510600283
415,1,3,0,44.0,0,0,7.925,False,True,0,-1.3095997492982325,0.501492147923479
416,0,3,1,28.0,0,0,8.05,False,True,2,-0.4742771725757044,-0.38280152048116345
417,1,2,1,34.0,1,1,32.5,False,True,2,1.2028397991521285,-0.2007577456761385
418,1,2,1,18.0,0,2,13.0,False,True,2,1.2225516659284081,-1.0541648179048693
419,0,2,0,30.0,0,0,13.0,False,True,0,-0.7570921438984806,0.5717511889916338
420,0,3,1,10.0,0,2,24.15,False,True,2,0.8664846627112278,-1.978213565530128
421,0,3,0,28.0,0,0,7.8958,False,False,0,-1.3027637243642125,-0.18315091906086575
422,0,3,0,21.0,0,0,7.7333,True,False,0,-1.301494725867304,-0.4834885914623952
423,0,3,0,29.0,0,0,7.875,False,True,0,-1.303451152075972,-0.14048257228823144
424,0,3,1,28.0,1,1,14.4,False,True,2,0.5095159887556483,-1.1967690255144277
425,0,3,0,18.0,1,1,20.2125,False,True,0,-0.24587412394898245,-1.3927889280369623
426,0,3,0,28.0,0,0,7.25,False,True,0,-1.3101901004903915,-0.18662881719957622
427,1,2,1,28.0,1,0,26.0,False,True,2,0.557006676318235,-0.036409786469689585
428,1,2,1,19.0,0,0,26.0,False,True,2,0.22404528519382932,-0.02930350191043956
429,0,3,0,28.0,0,0,7.75,True,False,0,-1.3044403512443563,-0.1839361119203021
430,1,3,0,32.0,0,0,8.05,False,True,0,-1.3027834542692325,-0.011199035503728909
431,1,1,0,28.0,0,0,26.55,False,True,4,-0.11250514649592519,1.2010159442905108
432,1,3,1,28.0,1,0,16.1,False,True,2,-0.04471067530201552,-0.7315785198543702
433,1,2,1,42.0,1,0,26.0,False,True,2,0.5507313423144952,0.5625152999018411
434,0,3,0,17.0,0,0,7.125,False,True,0,-1.3066969182275332,-0.6578859899541688
435,0,1,0,50.0,1,0,55.9,False,True,4,0.5521394295101232,1.908116182683929
436,1,1,1,14.0,1,2,120.0,False,True,1,3.2796588081136897,-0.3993237269036868
437,0,3,1,21.0,2,2,34.375,False,True,3,1.6531274840433265,-2.2368228548732376
438,1,2,1,24.0,2,3,18.75,False,True,3,2.5337512337182972,-2.0068109437692683
439,0,1,0,64.0,1,4,263.0,False,True,1,5.222513479190839,1.7982185648886908
440,0,2,0,31.0,0,0,10.5,False,True,0,-0.7862891282717801,0.6010680259075154
441,1,2,1,45.0,1,1,26.25,False,True,2,1.126037314002323,0.23616743476770938
442,0,3,0,20.0,0,0,9.5,False,True,0,-1.2807303237382395,-0.5167545499408602
443,0,3,0,25.0,1,0,7.775,False,True,0,-0.9658126149401577,-0.7042721209626147
444,1,2,1,28.0,0,0,13.0,False,True,2,0.07051766150879907,0.2857094306387035
445,1,3,0,28.0,0,0,8.1125,False,True,0,-1.3002717830409811,-0.1819839005928284
446,1,1,0,4.0,0,2,81.8583,False,True,1,1.681821904376386,-0.439925487829241
447,1,2,1,13.0,0,1,19.5,False,True,2,0.7257637853483022,-0.7770261581250414
448,1,1,0,34.0,0,0,26.55,False,True,4,-0.11519457535467087,1.457698124164024
449,1,3,1,5.0,2,1,19.2583,False,False,2,0.9126890139840552,-2.5466829959491526
450,1,1,0,52.0,0,0,30.5,False,True,4,-0.07783984288723089,2.249017035490829
451,0,2,0,36.0,1,2,27.75,False,True,4,0.8943831874016986,-0.3963319951868375
452,0,3,0,28.0,1,0,19.9667,False,True,0,-0.8269588936037592,-0.510273721119206
453,0,1,0,30.0,0,0,27.75,False,False,4,-0.09960222459168955,1.2930391635852732
454,1,1,0,49.0,1,0,89.1042,False,False,4,0.9344193154836425,2.0441540686398234
455,0,3,0,28.0,0,0,8.05,False,True,0,-1.3009905016967354,-0.18232048875273763
456,1,3,0,29.0,0,0,7.8958,False,False,0,-1.3032119625073368,-0.14037055574861354
457,0,1,0,65.0,0,0,26.55,False,True,4,-0.1290899577915235,2.7838893868438426
458,1,1,1,28.0,1,0,51.8625,False,True,1,1.3422847726181553,0.7447235629558167
459,1,2,1,50.0,0,0,10.5,False,True,2,0.03190767612988966,1.213413897111881
460,0,3,0,28.0,0,0,7.75,True,False,0,-1.3044403512443563,-0.1839361119203021
461,1,1,0,48.0,0,0,26.55,False,True,4,-0.12146990935841079,2.056623210535555
462,0,3,0,34.0,0,0,8.05,False,True,0,-1.303679930555481,0.0743616911207755
463,0,1,0,47.0,0,0,38.5,False,True,4,0.016397335764951563,2.0781985033979535
464,0,2,0,48.0,0,0,13.0,False,True,4,-0.7651604304747175,1.3417977286121732
465,0,3,0,28.0,0,0,8.05,False,True,0,-1.3009905016967354,-0.18232048875273763
466,0,3,0,38.0,0,0,7.05,False,True,0,-1.3169723816200483,0.24009773381123606
467,0,2,0,28.0,0,0,0.0,False,True,0,-0.9056891480091437,0.41618012510600283
468,0,1,0,56.0,0,0,26.55,False,True,4,-0.12505581450340497,2.398866117033573
469,0,3,0,28.0,0,0,7.725,True,False,0,-1.304727838706658,-0.18407074718426583
470,1,3,1,0.75,2,1,19.2583,False,False,2,0.9145940260923334,-2.7284995400262244
471,0,3,0,28.0,0,0,7.25,False,True,0,-1.3101901004903915,-0.18662881719957622
472,0,3,0,38.0,0,0,8.6625,False,True,0,-1.298429440301585,0.24878170833689503
473,1,2,1,33.0,1,2,27.75,False,True,2,1.7224412309521027,-0.72515411685202
474,1,2,1,23.0,0,0,13.7917,False,False,2,0.08186300518059242,0.07607124361664512
475,0,3,1,22.0,0,0,9.8375,False,True,2,-0.4510323901623834,-0.6298572789812716
476,0,1,0,28.0,0,0,52.0,False,True,4,0.1801570901272596,1.3380746430055626
477,0,2,0,34.0,1,0,21.0,False,True,0,-0.3298935741218923,0.39382637233950846
478,0,3,0,29.0,1,0,7.0458,False,True,0,-0.9759910018130723,-0.5370777090928993
479,0,3,0,22.0,0,0,7.5208,False,True,0,-1.3043866074399932,-0.4418526278938345
480,1,3,1,2.0,0,1,12.2875,False,True,2,0.1598819554998571,-1.9283055970683982
481,0,3,0,9.0,5,2,46.9,False,True,3,1.9868108344905382,-3.658642578754581
482,0,2,0,28.0,0,0,0.0,False,True,0,-0.9056891480091437,0.41618012510600283
483,0,3,0,50.0,0,0,8.05,False,True,0,-1.3108517408454694,0.7588475041168106
484,1,3,1,63.0,0,0,9.5875,False,True,2,-0.47228502865349636,1.122791264181431
485,1,1,0,25.0,1,0,91.0792,False,False,4,0.9678885404404637,1.028061534998903
486,0,3,1,28.0,3,1,25.4667,False,True,3,1.3107685575428893,-1.9214294112251815
487,1,1,1,35.0,1,0,90.0,False,True,1,1.77770922935761,1.249572201318214
488,0,1,0,58.0,0,0,29.7,False,False,4,-0.08972887053963263,2.501390886917504
489,0,3,0,30.0,0,0,8.05,False,True,0,-1.301886977982984,-0.09675976212823331
490,1,3,0,9.0,1,1,15.9,False,True,0,-0.29143156790791636,-1.801036780880971
491,0,3,0,28.0,1,0,19.9667,False,True,0,-0.8269588936037592,-0.510273721119206
492,0,3,0,21.0,0,0,7.25,False,True,0,-1.3070524334885214,-0.4860913603853416
493,0,1,0,55.0,0,0,30.5,False,True,4,-0.07918455731660368,2.377358125427586
494,0,1,0,71.0,0,0,49.5042,False,False,4,0.132182401636407,3.1641893577603826
495,0,3,0,21.0,0,0,8.05,False,True,0,-1.2978528346948655,-0.481783031938503
496,0,3,0,28.0,0,0,14.4583,False,False,0,-1.2272982655100024,-0.14780916227039329
497,1,1,1,54.0,1,0,78.2667,False,False,4,1.634265638981242,1.9992104665443922
498,0,3,0,28.0,0,0,15.1,False,True,0,-1.219919037327641,-0.1443533443149729
499,0,1,1,25.0,1,2,151.55,False,True,1,3.6375373659641355,0.24116997265328302
500,0,3,0,24.0,0,0,7.7958,False,True,0,-1.3021207216409225,-0.35481091336572934
501,0,3,0,17.0,0,0,8.6625,False,True,0,-1.2890164392959753,-0.649605921220401
502,0,3,1,21.0,0,0,7.75,True,False,2,-0.47458935512145545,-0.6838796868344933
503,0,3,1,28.0,0,0,7.6292,True,False,2,-0.4791161615411675,-0.38506770124420053
504,0,3,1,37.0,0,0,9.5875,False,True,2,-0.4606308369322651,0.010501818062874098
505,1,1,1,16.0,0,0,86.5,False,True,1,1.4089819749422017,0.8100259158000235
506,0,1,0,18.0,1,0,108.9,False,False,1,1.175956470169817,0.8245713162949138
507,1,2,1,33.0,0,2,26.0,False,True,2,1.3653215741784557,-0.3424490309599597
508,1,1,0,28.0,0,0,26.55,False,True,4,-0.11250514649592519,1.2010159442905108
509,0,3,0,28.0,0,0,22.525,False,True,0,-1.1345352610240202,-0.10436667091775245
510,1,3,0,26.0,0,0,56.4958,False,True,0,-0.742991621363356,-0.006980692539927551
511,1,3,0,29.0,0,0,7.75,True,False,0,-1.3048885893874806,-0.14115574860804989
512,0,3,0,28.0,0,0,8.05,False,True,0,-1.3009905016967354,-0.18232048875273763
513,1,1,0,36.0,0,0,26.2875,False,True,4,-0.11910966999508782,1.5418451805169093
514,1,1,1,54.0,1,0,59.4,False,False,4,1.4173080507809026,1.8976055411594306
515,0,3,0,24.0,0,0,7.4958,False,True,0,-1.3055705711885435,-0.3564265365332938
516,0,1,0,47.0,0,0,34.0208,False,True,4,-0.035111217880728955,2.0540761724241046
517,1,2,1,34.0,0,0,10.5,False,True,2,0.039079486419878136,0.5289280841158461
518,0,3,0,28.0,0,0,24.15,True,False,0,-1.1158485759744063,-0.09561537876011164
519,1,2,1,36.0,1,0,26.0,False,True,2,0.5534207711732408,0.305833120028328
520,0,3,0,32.0,0,0,7.8958,False,True,0,-1.3045566769367096,-0.012029465811857036
521,1,1,1,30.0,0,0,93.5,False,True,1,1.4832031303829525,1.4466488760813914
522,0,3,0,22.0,0,0,7.8958,False,True,0,-1.300074295505467,-0.43983309893437894
523,0,3,0,28.0,0,0,7.225,False,False,0,-1.3104775879526933,-0.18676345246353995
524,1,1,1,44.0,0,1,57.9792,False,False,1,1.642232221836271,1.398244563374318
525,0,3,0,28.0,0,0,7.2292,False,False,0,-1.3104292900590266,-0.186740833739194
526,0,3,0,40.5,0,0,7.75,True,False,0,-1.3100433280334098,0.35081842948285036
527,1,2,1,50.0,0,0,10.5,False,True,2,0.03190767612988966,1.213413897111881
528,0,1,0,28.0,0,0,221.7792,False,True,1,2.1325327445121327,2.2524053393074297
529,0,3,0,39.0,0,0,7.925,False,True,0,-1.307358558582611,0.28759033136221795
530,0,2,0,23.0,2,1,11.5,False,True,0,0.47656315568451585,-0.9760838864815187
531,1,2,1,2.0,1,1,26.0,False,True,2,1.1424366795336494,-1.604734540298772
532,0,3,0,28.0,0,0,7.2292,False,False,0,-1.3104292900590266,-0.186740833739194
533,0,3,0,17.0,1,1,7.2292,False,False,0,-0.39472732457795223,-1.5054896922540133
534,1,3,1,28.0,0,2,22.3583,False,False,2,0.8378127246867487,-1.2178160660073392
535,0,3,1,30.0,0,0,8.6625,False,True,2,-0.46813020603556,-0.29394222988954827
536,1,2,1,7.0,0,2,26.25,False,True,2,1.3798506405227045,-1.4533921244388799
537,0,1,0,45.0,0,0,26.55,False,True,4,-0.12012519492903795,1.928282120598798
538,1,1,1,30.0,0,0,106.425,False,False,1,1.631834148392959,1.5162553075506267
539,0,3,0,28.0,0,0,14.5,False,True,0,-1.226818736422883,-0.14758459065010174
540,1,1,1,22.0,0,2,49.5,False,False,1,2.128362724865227,-0.04462271041379758
541,1,1,1,36.0,0,2,71.0,False,True,1,2.369326608440995,0.6700887029665195
542,0,3,1,9.0,4,2,31.275,False,True,3,2.296848965260449,-3.5511410960908028
543,0,3,1,11.0,4,2,31.275,False,True,3,2.2959524889742005,-3.4655803694662985
544,1,2,0,32.0,1,0,26.0,False,True,0,-0.2714996053752931,0.3351926985077451
545,0,1,0,50.0,1,0,106.425,False,False,4,1.1331515908219665,2.1802140511545773
546,0,1,0,64.0,0,0,26.0,False,True,4,-0.13496644381903777,2.7381470477243885
547,1,2,1,19.0,1,0,26.0,False,True,2,0.5610408196063535,-0.4214330562799593
548,1,2,0,28.0,0,0,13.8625,False,False,0,-0.7462773501628215,0.49083537897387725
549,0,3,0,33.0,1,1,20.525,False,True,0,-0.24900410281707464,-0.7494005375536329
550,1,2,0,8.0,1,1,36.75,False,True,0,0.43665353034362653,-1.0896781651924399
551,1,1,0,17.0,0,2,110.8833,False,False,1,2.009767752248106,0.2725307766918991
552,0,2,0,27.0,0,0,26.0,False,True,0,-0.606253949072196,0.5134204363160038
553,0,3,0,28.0,0,0,7.8292,True,False,0,-1.3035295909637845,-0.18350958740406506
554,1,3,0,22.0,0,0,7.225,False,False,0,-1.3077881590939475,-0.44344563233705303
555,1,3,1,22.0,0,0,7.775,False,True,2,-0.474750105802278,-0.6409646882582775
556,0,1,0,62.0,0,0,26.55,False,True,4,-0.12774524336215065,2.655548296907086
557,1,1,1,48.0,1,0,39.6,False,False,4,1.19230740949666,1.534292232226663
558,0,1,0,28.0,0,0,227.525,False,False,1,2.1986065629478686,2.283348831294736
559,1,1,1,39.0,1,1,79.65,False,True,1,2.23067227888637,0.9089193475757239
560,1,3,1,36.0,1,0,17.4,False,True,2,-0.03334723240731865,-0.38233457963024
561,0,3,0,28.0,0,0,7.75,True,False,0,-1.3044403512443563,-0.1839361119203021
562,0,3,0,40.0,0,0,7.8958,False,True,0,-1.3081425820817039,0.33021344068616054
563,0,2,0,28.0,0,0,13.5,False,True,0,-0.7504459183661969,0.4888831676464035
564,0,3,0,28.0,0,0,8.05,False,True,0,-1.3009905016967354,-0.18232048875273763
565,0,3,1,28.0,0,0,8.05,False,True,2,-0.4742771725757044,-0.38280152048116345
566,0,3,0,24.0,2,0,24.15,False,True,0,-0.4400645545768608,-1.05099594074816
567,0,3,0,19.0,0,0,7.8958,False,True,0,-1.298729581076094,-0.5681741888711355
568,0,3,1,29.0,0,4,21.075,False,True,3,1.970158803117117,-2.0940174154859226
569,0,3,0,28.0,0,0,7.2292,False,False,0,-1.3104292900590266,-0.186740833739194
570,1,3,0,32.0,0,0,7.8542,False,True,0,-1.3050350560739798,-0.012253498891092666
571,1,2,0,62.0,0,0,10.5,False,True,4,-0.8001845107086328,1.9272592885873332
572,1,1,1,53.0,2,0,51.4792,False,True,4,1.6636665956805623,1.42003886352551
573,1,1,0,36.0,0,0,26.3875,False,True,4,-0.1179597201458808,1.5423837215727643
574,1,3,1,28.0,0,0,7.75,True,False,2,-0.4777270221233254,-0.3844171436487279
575,0,3,0,16.0,0,0,8.05,False,True,0,-1.295611643979244,-0.6956848484997639
576,0,3,0,19.0,0,0,14.5,False,True,0,-1.2227845931347645,-0.5326078604603715
577,1,2,1,34.0,0,0,13.0,False,True,2,0.0678282326500535,0.5423916105122166
578,1,1,1,39.0,1,0,55.9,False,True,1,1.3837833782055216,1.2370511545207292
579,0,3,1,28.0,1,0,14.4583,False,False,2,-0.06358940197644708,-0.7404197483683388
580,1,3,0,32.0,0,0,7.925,False,True,0,-1.3042208915807412,-0.011872211823547411
581,1,2,1,25.0,1,1,30.0,False,True,2,1.1781251962100716,-0.5992445418827786
582,1,1,1,39.0,1,1,110.8833,False,False,1,2.589839565138744,1.0771234911740273
583,0,2,0,54.0,0,0,26.0,False,True,4,-0.6183563789365516,1.6684902457468127
584,0,1,0,36.0,0,0,40.125,False,False,4,0.040014640388932605,1.6163657991208202
585,0,3,0,28.0,0,0,8.7125,False,False,0,-1.293372083945739,-0.17875265425769946
586,1,1,1,18.0,0,2,79.65,False,True,1,2.476865556973639,-0.05337403532257808
587,0,2,0,47.0,0,0,15.0,False,True,4,-0.741713195347453,1.309788186417017
588,1,1,0,60.0,1,1,79.2,False,False,4,1.3893711744382977,2.0053645741100987
589,0,3,0,22.0,0,0,8.05,False,True,0,-1.2983010728379898,-0.4390026686262508
590,0,3,0,28.0,0,0,8.05,False,True,0,-1.3009905016967354,-0.18232048875273763
591,0,3,0,35.0,0,0,7.125,False,True,0,-1.3147652048037701,0.11216054966637061
592,1,1,1,52.0,1,0,78.2667,False,False,1,1.6351621152674907,1.9136497399198875
593,0,3,0,47.0,0,0,7.25,False,True,0,-1.3187066252097528,0.6261980857332153
594,0,3,1,28.0,0,2,7.75,True,False,2,0.6698246008650407,-1.2964877590697788
595,0,2,0,37.0,1,0,26.0,False,True,4,-0.2737407960909145,0.549094515069006
596,0,3,0,36.0,1,1,24.15,False,True,0,-0.2086631352126933,-0.6015373343421391
597,1,2,1,28.0,0,0,33.0,False,True,2,0.3005076313502016,0.39341764180966754
598,0,3,0,49.0,0,0,0.0,False,True,0,-1.4029744655635097,0.6727145858082453
599,0,3,0,28.0,0,0,7.225,False,False,0,-1.3104775879526933,-0.18676345246353995
600,1,1,0,49.0,1,0,56.9292,False,False,4,0.564422951501286,1.8708784839185346
601,1,2,1,24.0,2,1,27.0,False,True,2,1.4810704732895097,-1.0503106912401952
602,0,3,0,28.0,0,0,7.8958,False,True,0,-1.3027637243642125,-0.18315091906086575
603,0,1,0,28.0,0,0,42.4,False,True,4,0.06976190460338633,1.2863747016434997
604,0,3,0,44.0,0,0,8.05,False,True,0,-1.3081623119867238,0.5021653242432975
605,1,1,0,35.0,0,0,26.55,False,False,4,-0.11564281349779515,1.500478487476276
606,0,3,0,36.0,1,0,15.55,False,True,0,-0.8813346337386795,-0.1918165574351283
607,0,3,0,30.0,0,0,7.8958,False,True,0,-1.3036602006504612,-0.09759019243636144
608,1,1,0,27.0,0,0,30.5,False,True,4,-0.0666338893091239,1.179507952684524
609,1,2,1,22.0,1,2,41.5792,False,False,2,1.8864007150730058,-1.1212621935905196
610,1,1,1,40.0,0,0,153.4625,False,True,1,2.168259427282465,2.1973751898208604
611,0,3,1,39.0,1,5,31.275,False,True,3,2.993742652211697,-2.459447456746254
612,0,3,0,28.0,0,0,7.05,False,True,0,-1.3124900001888056,-0.18770589931128587
613,1,3,1,28.0,1,0,15.5,True,False,2,-0.05161037439725762,-0.7348097661894991
614,0,3,0,28.0,0,0,7.75,True,False,0,-1.3044403512443563,-0.1839361119203021
615,0,3,0,35.0,0,0,8.05,False,True,0,-1.3041281686986053,0.1171420544330277
616,1,2,1,24.0,1,2,65.0,False,True,2,2.1548316930698332,-0.9095708433563693
617,0,3,0,34.0,1,1,14.4,False,True,0,-0.3198867692241284,-0.7396058139124885
618,0,3,1,26.0,1,0,16.1,False,True,2,-0.04381419901576696,-0.8171392464788746
619,1,2,1,4.0,2,1,39.0,False,True,2,1.6280292180568368,-1.8412930307826607
620,0,2,0,26.0,0,0,10.5,False,True,0,-0.7840479375561588,0.3871662093462545
621,0,3,0,27.0,1,0,14.4542,False,False,0,-0.8899016408981715,-0.5827411601354552
622,1,1,0,42.0,1,0,52.5542,False,True,4,0.5172503126003491,1.547854769539121
623,1,3,0,20.0,1,1,15.7417,False,False,0,-0.2981825580935781,-1.3313052949376152
624,0,3,0,21.0,0,0,7.8542,False,True,0,-1.3001044364996128,-0.48283749532586673
625,0,3,0,21.0,0,0,16.1,False,True,0,-1.2052818718337008,-0.43843047694218995
626,0,1,0,61.0,0,0,32.3208,False,True,4,-0.06093569932098807,2.6438460608461036
627,0,2,0,57.0,0,0,12.35,True,False,4,-0.7766692477826816,1.7233204815593866
628,1,1,1,21.0,0,0,77.9583,False,True,1,1.3085155179568646,0.9779271709933333
629,0,3,0,26.0,0,0,7.8958,False,True,0,-1.301867248077964,-0.26871164568537015
630,0,3,0,28.0,0,0,7.7333,True,False,0,-1.304632392869174,-0.1840260482766299
631,1,1,0,80.0,0,0,30.0,False,True,4,-0.09614026014074573,3.4441745029546165
632,0,3,0,51.0,0,0,7.0542,False,True,0,-1.3227511795869973,0.7962650755948605
633,1,1,0,32.0,0,0,30.5,False,False,4,-0.0688750800247453,1.393409769245785
634,0,1,0,28.0,0,0,0.0,False,True,4,-0.41781683146038706,1.0580332939610562
635,0,3,1,9.0,3,2,27.9,False,True,3,1.921042623437188,-3.1771873023563835
636,1,2,1,28.0,0,0,13.0,False,True,2,0.07051766150879907,0.2857094306387035
637,0,3,0,32.0,0,0,7.925,False,True,0,-1.3042208915807412,-0.011872211823547411
638,0,2,0,31.0,1,1,26.25,False,True,0,0.3055993188850318,-0.16227661987539546
639,0,3,1,41.0,0,5,39.6875,False,True,3,2.7525901725774644,-1.9364524094284437
640,0,3,0,28.0,1,0,16.1,False,True,0,-0.8714240044230467,-0.5310974881259444
641,0,3,0,20.0,0,0,7.8542,False,True,0,-1.2996561983564885,-0.5256178586381188
642,1,1,1,24.0,0,0,69.3,False,False,1,1.207604695733601,1.0596397606910117
643,0,3,1,2.0,3,2,27.9,False,True,3,1.924180290439058,-3.476649845542149
644,1,3,0,28.0,0,0,56.4958,False,True,0,-0.7438880976496045,0.0785800340845768
645,1,3,1,0.75,2,1,19.2583,False,False,2,0.9145940260923334,-2.7284995400262244
646,1,1,0,48.0,1,0,76.7292,False,False,4,0.7925612597873989,1.934729249665537
647,0,3,0,19.0,0,0,7.8958,False,True,0,-1.298729581076094,-0.5681741888711355
648,1,1,0,56.0,0,0,35.5,False,False,4,-0.022135302999377323,2.4470655415325795
649,0,3,0,28.0,0,0,7.55,False,True,0,-1.3067402509427704,-0.18501319403201175
650,1,3,1,23.0,0,0,7.55,False,True,2,-0.47778573110611805,-0.5993960423216985
651,0,3,0,28.0,0,0,7.8958,False,True,0,-1.3027637243642125,-0.18315091906086575
652,1,2,1,18.0,0,1,23.0,False,True,2,0.7637708393549262,-0.5442754046088617
653,0,3,0,21.0,0,0,8.4333,False,True,0,-1.293445076922855,-0.47971880407141154
654,1,3,1,28.0,0,0,7.8292,True,False,2,-0.4768162618427535,-0.3839906191324909
655,0,3,1,18.0,0,0,6.75,True,False,2,-0.4847441391841528,-0.8176061873297981
656,0,2,0,24.0,2,0,73.5,False,True,0,0.6153080125555564,-0.14337276082875264
657,0,3,0,28.0,0,0,7.8958,False,True,0,-1.3027637243642125,-0.18315091906086575
658,0,3,1,32.0,1,1,15.5,True,False,2,0.5203724845244283,-1.0197236206510158
659,0,2,0,23.0,0,0,13.0,False,True,0,-0.7539544768966105,0.2722886458058684
660,0,1,0,58.0,0,2,113.275,False,False,4,2.018893338923495,2.039405958927119
661,1,1,0,50.0,2,0,133.65,False,True,4,1.7832209716811,1.9347022992415317
662,0,3,0,40.0,0,0,7.225,False,False,0,-1.3158564456701844,0.32660090728348645
663,0,1,0,47.0,0,0,25.5875,False,True,4,-0.132089938513904,2.0086593895607
664,0,3,0,36.0,0,0,7.4958,False,True,0,-1.3109494289060348,0.15693782321373248
665,1,3,0,20.0,1,0,7.925,False,True,0,-0.9618464994507258,-0.9173661259400934
666,0,2,0,32.0,2,0,73.5,False,True,4,0.6117221074105622,0.1988701456692649
667,0,2,0,25.0,0,0,13.0,False,True,0,-0.7548509531828591,0.35784937243037285
668,0,3,0,28.0,0,0,7.775,False,True,0,-1.3041528637820547,-0.18380147665633847
669,0,3,0,43.0,0,0,8.05,False,True,0,-1.3077140738435995,0.4593849609310453
670,1,1,1,28.0,1,0,52.0,False,True,1,1.343865953660815,0.7454640569076171
671,1,2,1,40.0,1,1,39.0,False,True,2,1.2748971104918385,0.09092960282793797
672,0,1,0,31.0,1,0,52.0,False,True,4,0.5158079101104109,1.0742861785727993
673,0,2,0,70.0,0,0,10.5,False,True,4,-0.803770415853627,2.269502195085351
674,1,2,0,31.0,0,0,13.0,False,True,0,-0.7575403820416048,0.614531552303886
675,0,2,0,28.0,0,0,0.0,False,True,0,-0.9056891480091437,0.41618012510600283
676,0,3,0,18.0,0,0,7.775,False,True,0,-1.2996704823508118,-0.6116051097788603
677,0,3,0,24.5,0,0,8.05,False,True,0,-1.2994216681958004,-0.33205176034562023
678,1,3,1,18.0,0,0,9.8417,False,True,2,-0.4491911396962196,-0.8009561135059345
679,0,3,1,43.0,1,6,46.9,False,True,3,3.745405175071979,-2.660214271230455
680,1,1,0,36.0,0,1,512.3292,False,False,1,6.043901937732297,3.7033439758811015
681,0,3,1,28.0,0,0,8.1375,True,False,2,-0.47327096645764827,-0.3823302970572905
682,1,1,0,27.0,0,0,76.7292,False,False,4,0.4649787263804846,1.4284711744777605
683,0,3,0,20.0,0,0,9.225,False,True,0,-1.2838926858235586,-0.518235537844461
684,0,3,0,14.0,5,2,46.9,False,True,3,1.9845696437749167,-3.44474076219332
685,0,2,0,60.0,1,1,39.0,False,True,4,0.4392190185083218,1.1470179008014076
686,0,2,0,25.0,1,2,41.5792,False,False,0,1.058342671522602,-0.7924400719253369
687,0,3,0,14.0,4,1,39.6875,False,True,3,0.9908581649941534,-2.6354181737668037
688,0,3,0,19.0,0,0,10.1708,False,True,0,-1.2725682220066346,-0.5559223798504384
689,0,3,0,18.0,0,0,7.7958,False,True,0,-1.2994312927821767,-0.6114930932392425
690,1,1,1,15.0,0,1,211.3375,False,True,1,3.4187746675833126,0.9835114353800066
691,1,1,0,31.0,1,0,57.0,False,True,4,0.5733054025707616,1.1012132313655405
692,1,3,1,4.0,0,1,13.4167,False,False,2,0.17197071291085406,-1.8366636648411812
693,1,3,0,28.0,0,0,56.4958,False,True,0,-0.7438880976496045,0.0785800340845768
694,0,3,0,25.0,0,0,7.225,False,False,0,-1.3091328735233203,-0.31510454240029645
695,0,1,0,60.0,0,0,26.55,False,True,4,-0.1268487670759021,2.5699875702825814
696,0,2,0,52.0,0,0,13.5,False,True,4,-0.7612036338011796,1.5156118871404558
697,0,3,0,44.0,0,0,8.05,False,True,0,-1.3081623119867238,0.5021653242432975
698,1,3,1,28.0,0,0,7.7333,True,False,2,-0.47791906374814297,-0.3845070800050556
699,0,1,0,49.0,1,1,110.8833,False,False,4,1.7586438545864702,1.7054081560249748
700,0,3,0,42.0,0,0,7.65,False,True,0,-1.3118656350973033,0.41445043339537374
701,1,1,1,18.0,1,0,227.525,False,False,1,3.3667978079126666,1.262934612074268
702,1,1,0,35.0,0,0,26.2875,False,True,4,-0.11866143185196354,1.499064817204657
703,0,3,1,18.0,0,1,14.4542,False,False,2,0.17762610859263694,-1.2321512150151563
704,0,3,0,25.0,0,0,7.7417,True,False,0,-1.3031910826524677,-0.3123219007646946
705,0,3,0,26.0,1,0,7.8542,False,True,0,-0.9653500928027101,-0.6610652331341255
706,0,2,0,39.0,0,0,26.0,False,True,4,-0.6116328067896873,1.02678479606303
707,1,2,1,45.0,0,0,13.5,False,True,2,0.06864736232172142,1.0156683122262649
708,1,1,0,42.0,0,0,26.2875,False,True,4,-0.1217990988538335,1.7985273603904224
709,1,1,1,22.0,0,0,151.55,False,True,1,2.1543349229926174,1.4170290525070968
710,1,3,0,28.0,1,1,15.2458,False,False,0,-0.30747106454079,-0.9917330135355816
711,1,1,1,24.0,0,0,49.5042,False,False,1,0.9799629234842792,0.9530312503561035
712,0,1,0,28.0,0,0,26.55,False,True,4,-0.11250514649592519,1.2010159442905108
713,1,1,0,48.0,1,0,52.0,False,True,4,0.5081878616772982,1.8015523548810868
714,0,3,0,29.0,0,0,9.4833,False,True,0,-1.2849565086511756,-0.13182121648691833
715,0,2,0,52.0,0,0,13.0,False,True,4,-0.7669533830472146,1.5129191818611816
716,0,3,0,19.0,0,0,7.65,False,True,0,-1.3015561578054449,-0.5694979227864266
717,1,1,1,38.0,0,0,227.525,False,False,1,3.020837510637657,2.5106714326888318
718,1,2,1,27.0,0,0,10.5,False,True,2,0.04221715342174804,0.2294655409300808
719,0,3,0,28.0,0,0,15.5,True,False,0,-1.2153192379308129,-0.1421991800915536
720,0,3,0,33.0,0,0,7.775,False,True,0,-1.306394054497676,0.030100339904922564
721,1,2,1,6.0,0,1,33.0,False,True,2,0.8841446819931188,-1.0037856587704062
722,0,3,0,17.0,1,0,7.0542,False,True,0,-0.9705155483082476,-1.050396831391234
723,0,2,0,34.0,0,0,13.0,False,True,0,-0.7588850964709777,0.7428726422406425
724,0,2,0,50.0,0,0,13.0,False,True,4,-0.766056906760966,1.4273584552366771
725,1,1,0,27.0,1,0,53.1,False,True,4,0.5302503110241853,0.9090886769381938
726,0,3,0,20.0,0,0,8.6625,False,True,0,-1.290361153725348,-0.5212648312836443
727,1,2,1,30.0,3,0,21.0,False,True,2,1.1726037763966846,-0.7620352213769656
728,1,3,1,28.0,0,0,7.7375,True,False,2,-0.4778707658544763,-0.3844844612807098
729,0,2,0,25.0,1,0,26.0,False,True,0,-0.26836193837342315,0.03573015532197971
730,0,3,1,25.0,1,0,7.925,False,True,2,-0.13737436104531603,-0.9039453411072584
731,1,1,1,29.0,0,0,211.3375,False,True,1,2.83872352208539,2.038471829462063
732,0,3,0,11.0,0,0,18.7875,False,False,0,-1.1698945882050196,-0.8517608191886137
733,0,2,0,28.0,0,0,0.0,False,True,0,-0.9056891480091437,0.41618012510600283
734,0,2,0,23.0,0,0,13.0,False,True,0,-0.7539544768966105,0.2722886458058684
735,0,2,0,23.0,0,0,13.0,False,True,0,-0.7539544768966105,0.2722886458058684
736,0,3,0,28.5,0,0,16.1,False,True,0,-1.208643657907133,-0.11757775210029855
737,0,3,1,48.0,1,3,34.375,False,True,3,1.8778053312606298,-1.1456587987834341
738,1,1,0,35.0,0,0,512.3292,False,False,1,5.470574364381239,4.116598920279374
739,0,3,0,28.0,0,0,7.8958,False,True,0,-1.3027637243642125,-0.18315091906086575
740,0,3,0,28.0,0,0,7.8958,False,True,0,-1.3027637243642125,-0.18315091906086575
741,1,1,0,28.0,0,0,30.0,False,True,4,-0.07283187669828323,1.219595610717502
742,0,1,0,36.0,1,0,78.85,False,True,4,0.8223282539068725,1.4327862686310795
743,1,1,1,21.0,2,2,262.375,False,False,1,5.250757773332829,0.2747570901858591
744,0,3,0,24.0,1,0,16.1,False,True,0,-0.8696310518505496,-0.7022189413749531
745,1,3,0,31.0,0,0,7.925,False,True,0,-1.3037726534376168,-0.05465257513579957
746,0,1,0,70.0,1,1,71.0,False,True,4,1.2905929053720797,2.389007840652526
747,0,3,0,16.0,1,1,20.25,False,True,0,-0.2445464164692812,-1.478147701765521
748,1,2,1,30.0,0,0,13.0,False,True,2,0.06962118522255051,0.3712701572632079
749,0,1,0,19.0,1,0,53.1,False,True,4,0.5338362161691795,0.5668457704401763
750,0,3,0,31.0,0,0,7.75,True,False,0,-1.305785065673729,-0.05559502198354554
751,1,2,1,4.0,1,1,23.0,False,True,2,1.1070417077711905,-1.5353300453499124
752,1,3,0,6.0,0,1,12.475,False,True,0,-0.6664681702264078,-1.5556933476112358
753,0,3,0,33.0,0,0,9.5,False,True,0,-1.286557419598855,0.0393901731184182
754,0,3,0,23.0,0,0,7.8958,False,True,0,-1.300522533648591,-0.39705273562212673
755,1,2,1,48.0,1,2,65.0,False,True,1,2.1440739776348505,0.11715787613768305
756,1,2,0,0.67,1,1,14.5,False,True,0,0.18407527448416713,-1.5230836131989456
757,0,3,0,28.0,0,0,7.7958,False,True,0,-1.3039136742134196,-0.18368946011672058
758,0,2,0,18.0,0,0,11.5,False,True,0,-0.7689625339190944,0.05030871340678516
759,0,3,0,34.0,0,0,8.05,False,True,0,-1.303679930555481,0.0743616911207755
760,1,1,1,33.0,0,0,86.5,False,True,1,1.4013619265090889,1.5372920921083104
761,0,3,0,28.0,0,0,14.5,False,True,0,-1.226818736422883,-0.14758459065010174
762,0,3,0,41.0,0,0,7.125,False,True,0,-1.317454633662516,0.3688427295398838
763,1,3,0,20.0,0,0,7.2292,False,False,0,-1.3068433849140324,-0.5289837402372115
764,1,1,1,36.0,1,2,120.0,False,True,1,3.2697975689649557,0.5418442659658618
765,0,3,0,16.0,0,0,7.775,False,True,0,-1.2987740060645634,-0.6971658364033647
766,1,1,1,51.0,1,0,77.9583,False,True,1,1.6320639080756605,1.869208515991379
767,0,1,0,28.0,0,0,39.6,False,False,4,0.03756330882559001,1.2712955520795648
768,0,3,1,30.5,0,0,7.75,True,False,2,-0.47884761748113613,-0.2774662353680975
769,0,3,0,28.0,1,0,24.15,True,False,0,-0.7788530415618823,-0.4877449331296313
770,0,3,0,32.0,0,0,8.3625,False,True,0,-1.2991898609904604,-0.00951609470418257
771,0,3,0,24.0,0,0,9.5,False,True,0,-1.2825232763107366,-0.3456330966918515
772,0,3,0,48.0,0,0,7.8542,False,True,0,-1.3122068663639683,0.6722323141049423
773,0,2,1,57.0,0,0,10.5,False,True,4,0.02877000912801964,1.5128764402976462
774,0,3,0,28.0,0,0,7.225,False,False,0,-1.3104775879526933,-0.18676345246353995
775,1,2,1,54.0,1,3,23.0,False,True,2,2.232181423603343,-0.30838249515835336
776,0,3,0,18.0,0,0,7.75,False,True,0,-1.2999579698131136,-0.611739745042824
777,0,3,0,28.0,0,0,7.75,True,False,0,-1.3044403512443563,-0.1839361119203021
778,1,3,1,5.0,0,0,12.475,False,True,2,-0.4130824144564357,-1.3429194349413884
779,0,3,0,28.0,0,0,7.7375,True,False,0,-1.3045840949755072,-0.18400342955228396
780,1,1,1,43.0,0,1,211.3375,False,True,1,3.406223999575833,2.1813616081230682
781,1,3,1,13.0,0,0,7.2292,False,False,2,-0.4769923887911314,-1.0289273151514031
782,1,1,1,17.0,1,0,57.0,False,True,1,1.4062940656955327,0.301807113265584
783,0,1,0,29.0,0,0,30.0,False,True,4,-0.0732801148414075,1.2623759740297542
784,0,3,0,28.0,1,2,23.45,False,True,0,0.3606489324820349,-1.403585335941666
785,0,3,0,25.0,0,0,7.05,False,True,0,-1.3111452857594326,-0.3160469892480425
786,0,3,0,25.0,0,0,7.25,False,True,0,-1.3088453860610185,-0.3149699071363328
787,1,3,1,18.0,0,0,7.4958,False,True,2,-0.4761678132087669,-0.8135897481352329
788,0,3,0,8.0,4,1,29.125,True,False,3,0.8720841410304083,-2.948983752664982
789,1,3,0,1.0,1,2,20.575,False,True,3,0.3396903041816889,-2.574138200728301
790,0,1,0,46.0,0,0,79.2,False,False,4,0.4848751625353301,2.2546043498186137
791,0,3,0,28.0,0,0,7.75,True,False,0,-1.3044403512443563,-0.1839361119203021
792,0,2,0,16.0,0,0,26.0,False,True,0,-0.601323329497829,0.04283643988122971
793,0,3,1,28.0,8,2,69.55,False,True,3,4.076457882975169,-4.100705821507657
794,0,1,0,28.0,0,0,30.6958,False,False,4,-0.06483052564750086,1.2233427793841398
795,0,3,0,25.0,0,0,7.8958,False,True,0,-1.3014190099348397,-0.31149200899762236
796,0,2,0,39.0,0,0,13.0,False,True,4,-0.761126287186599,0.9567744588019036
797,1,1,1,49.0,0,0,25.9292,False,True,4,0.6976562929556187,1.895579279244634
798,1,3,1,31.0,0,0,8.6833,False,True,2,-0.46833925461004927,-0.2510498500376784
799,0,3,0,30.0,0,0,7.2292,False,False,0,-1.311325766345275,-0.1011801071146897
800,0,3,1,30.0,1,1,24.15,False,True,2,0.6207396227670834,-1.0587005459440781
801,0,2,0,34.0,0,0,13.0,False,True,0,-0.7588850964709777,0.7428726422406425
802,1,2,1,31.0,1,1,26.25,False,True,2,1.1323126480060628,-0.3627576516038213
803,1,1,0,11.0,1,2,120.0,False,True,1,2.4542901934220316,-0.3271837851120174
804,1,3,0,0.42,0,1,8.5167,False,False,0,-0.7094854662689357,-1.8157248455075041
805,1,3,0,27.0,0,0,6.975,False,True,0,-1.3129042244325864,-0.23089016841542917
806,0,3,0,31.0,0,0,7.775,False,True,0,-1.3054975782114275,-0.055460386719581804
807,0,1,0,39.0,0,0,0.0,False,True,4,-0.42274745103475414,1.5286172903958302
808,0,3,1,18.0,0,0,7.775,False,True,2,-0.47295715322978094,-0.8120861415072863
809,0,2,0,39.0,0,0,13.0,False,True,4,-0.761126287186599,0.9567744588019036
810,1,1,1,33.0,1,0,53.1,False,True,1,1.3542742112864707,0.9652898250832811
811,0,3,0,26.0,0,0,7.8875,False,True,0,-1.3019626939154483,-0.26875634459300607
812,0,3,0,39.0,0,0,24.15,False,True,0,-1.1207791955487734,0.3749686176746625
813,0,2,0,35.0,0,0,10.5,False,True,0,-0.7880820808442772,0.7721894791565242
814,0,3,1,6.0,4,2,31.275,False,True,3,2.2981936796898217,-3.6794821860275593
815,0,3,0,30.5,0,0,8.05,False,True,0,-1.302111097054546,-0.07536958047210718
816,0,1,0,28.0,0,0,0.0,False,True,4,-0.41781683146038706,1.0580332939610562
817,0,3,1,23.0,0,0,7.925,False,True,2,-0.47347341917159175,-0.597376513362243
818,0,2,0,31.0,1,1,37.0042,False,False,0,0.4292672255684523,-0.10436083764665641
819,0,3,0,43.0,0,0,6.45,False,True,0,-1.3261132714309118,0.4507683040373682
820,0,3,0,10.0,3,2,27.9,False,True,3,1.0938810561730326,-2.933925907315705
821,1,1,1,52.0,1,1,93.5,False,True,1,2.3841132371409257,1.5396520068708945
822,1,3,0,27.0,0,0,8.6625,False,True,0,-1.293498820727218,-0.22180228809787914
823,0,1,0,38.0,0,0,0.0,False,True,4,-0.42229921289162986,1.485836927083578
824,1,3,1,27.0,0,1,12.475,False,True,2,0.15083215788901325,-0.8577867497823652
825,0,3,0,2.0,4,1,39.6875,False,True,3,0.9962370227116447,-3.1487825335138298
826,0,3,0,28.0,0,0,6.95,True,False,0,-1.3136399500380125,-0.1882444403671407
827,0,3,0,28.0,0,0,56.4958,False,True,0,-0.7438880976496045,0.0785800340845768
828,1,2,0,1.0,0,2,37.0042,False,False,0,0.6794946469438394,-1.451677490355228
829,1,3,0,28.0,0,0,7.75,True,False,0,-1.3044403512443563,-0.1839361119203021
830,1,1,1,62.0,0,0,80.0,False,True,4,1.3136162801600288,2.742917459533061
831,1,3,1,15.0,1,0,14.4542,False,False,2,-0.057809454059648956,-1.2965865516109074
832,1,2,0,0.83,1,1,18.75,False,True,0,0.2328764249725653,-1.4933507601951557
833,0,3,0,28.0,0,0,7.2292,False,False,0,-1.3104292900590266,-0.186740833739194
834,0,3,0,23.0,0,0,7.8542,False,True,0,-1.3010009127858613,-0.3972767687013623
835,0,3,0,18.0,0,0,8.3,False,True,0,-1.293633245642475,-0.6087777692356224
836,1,1,1,39.0,1,1,83.1583,False,False,1,2.2710159694460996,0.9278129834382783
837,0,3,0,21.0,0,0,8.6625,False,True,0,-1.2908093918684724,-0.4784844679713922
838,0,3,0,28.0,0,0,8.05,False,True,0,-1.3009905016967354,-0.18232048875273763
839,1,3,0,32.0,0,0,56.4958,False,True,0,-0.7456810502221015,0.2497014873335855
840,1,1,0,28.0,0,0,29.7,False,False,4,-0.07628172624590429,1.2179799875499375
841,0,3,0,20.0,0,0,7.925,False,True,0,-1.2988420338632498,-0.5252365715705737
842,0,2,0,16.0,0,0,10.5,False,True,0,-0.779565556124916,-0.04063742377626744
843,1,1,1,30.0,0,0,31.0,False,False,2,0.7644844746285693,1.110060716172129
844,0,3,0,34.5,0,0,6.4375,False,False,0,-1.322446990945506,0.0870678982512426
845,0,3,0,17.0,0,0,8.6625,False,True,0,-1.2890164392959753,-0.649605921220401
846,0,3,0,42.0,0,0,7.55,False,True,0,-1.3130155849465102,0.4139118923395189
847,0,3,0,28.0,8,2,69.55,False,True,3,3.249744553854138,-3.9002247897792315
848,0,3,0,35.0,0,0,7.8958,False,False,0,-1.3059013913660824,0.11631162412489958
849,0,2,0,28.0,0,1,33.0,False,True,0,0.04757011372335368,0.137863365827568
850,1,1,1,28.0,1,0,89.1042,False,False,1,1.7705456456102835,0.9452854073541013
851,0,3,0,4.0,4,2,31.275,False,True,3,1.4723768268550395,-3.564561880923638
852,0,3,0,74.0,0,0,7.775,False,True,4,-1.3247718183657715,1.7840952357072621
853,0,3,1,9.0,1,1,15.2458,False,False,2,0.5277587892996024,-2.005040948196799
854,1,1,1,16.0,0,1,39.4,False,True,2,1.4411314074598816,0.10033777078187775
855,0,2,1,44.0,1,0,26.0,False,True,2,0.5498348660282466,0.6480760265263455
856,1,3,1,18.0,0,1,9.35,False,True,2,0.11893036838941262,-1.2596394275880982
857,1,1,1,45.0,1,1,164.8667,False,True,1,3.2079321631768165,1.624528443393871
858,1,1,0,51.0,0,0,26.55,False,True,4,-0.12281462378778363,2.184964300472312
859,1,3,1,24.0,0,3,19.2583,False,False,2,1.3777330434280115,-1.8616675996983725
860,0,3,0,28.0,0,0,7.2292,False,False,0,-1.3104292900590266,-0.186740833739194
861,0,3,0,41.0,2,0,14.1083,False,True,0,-0.563159117017794,-0.377808441645646
862,0,2,0,21.0,1,0,11.5,False,True,0,-0.4333117139359429,-0.21347975102597802
863,1,1,1,48.0,0,0,25.9292,False,True,4,0.698104531098743,1.8527989159323819
864,0,3,1,28.0,8,2,69.55,False,True,3,4.076457882975169,-4.100705821507657
865,0,2,0,24.0,0,0,13.0,False,True,0,-0.7544027150397349,0.31506900911812064
866,1,2,1,42.0,0,0,13.0,False,True,2,0.06424232750505926,0.8846345170102343
867,1,2,1,27.0,1,0,13.8583,False,False,2,0.4178314536201914,-0.14457818916066648
868,0,1,0,31.0,0,0,50.4958,False,True,4,0.16151483006611494,1.4583149983801509
869,0,3,0,28.0,0,0,9.5,False,True,0,-1.2843162288832337,-0.17451164344284273
870,1,3,0,4.0,1,1,11.1333,False,True,0,-0.3440050366544456,-2.0406092339516637
871,0,3,0,26.0,0,0,7.8958,False,True,0,-1.301867248077964,-0.26871164568537015
872,1,1,1,47.0,1,1,52.5542,False,True,1,1.9154982624999422,1.1052402466614308
873,0,1,0,33.0,0,0,5.0,False,True,4,-0.36256052971565783,1.2988621633150579
874,0,3,0,47.0,0,0,9.0,False,True,0,-1.29858250284863,0.6356225542106747
875,1,2,1,28.0,1,0,24.0,False,False,2,0.5340076793340947,-0.04718060758678599
876,1,3,1,15.0,0,0,7.225,False,False,2,-0.4779371629710466,-0.9433892072512444
877,0,3,0,20.0,0,0,9.8458,False,True,0,-1.2767537971596816,-0.5148922749697142
878,0,3,0,19.0,0,0,7.8958,False,True,0,-1.298729581076094,-0.5681741888711355
879,0,3,0,28.0,0,0,7.8958,False,True,0,-1.3027637243642125,-0.18315091906086575
880,1,1,1,56.0,0,1,83.1583,False,False,1,1.9264003866004626,2.0472087141160857
881,1,2,1,25.0,0,1,26.0,False,True,2,0.7951316678292667,-0.22865662974745182
882,0,3,0,33.0,0,0,7.8958,False,True,0,-1.305004915079834,0.030750897500395176
883,0,3,1,22.0,0,0,10.5167,False,True,2,-0.44322193078656935,-0.6261995081299058
884,0,2,0,28.0,0,0,10.5,False,True,0,-0.7849444138424073,0.47272693597075893
885,0,3,0,25.0,0,0,7.05,False,True,0,-1.3111452857594326,-0.3160469892480425
886,0,3,1,39.0,0,5,29.125,True,False,3,2.632023196041222,-2.078896535077613
887,0,2,0,27.0,0,0,13.0,False,True,0,-0.7557474294691077,0.4434100990548772
888,1,1,1,19.0,0,0,30.0,False,True,2,0.7579155957108661,0.6340913091788066
889,0,3,1,28.0,1,2,23.45,False,True,2,1.1873622616030661,-1.604066367670092
890,1,1,0,26.0,0,0,30.0,False,False,4,-0.07193540041203467,1.1340348840929977
891,0,3,0,32.0,0,0,7.75,True,False,0,-1.3062333038168534,-0.012814658671293382
